Workbook

Sheet Tracker
D3: Judges | N3: Attacking Safe | AR3: Attacking Safe
N4: {=TRANSPOSE(B6:B35)} -> 1A | O4: 1B | P4: 1C | Q4: 1D | R4: 1E | S4: 1F | T4: 2A | U4: 2B | V4: 2C | W4: 2D | X4: 2E | Y4: 2F | Z4: 3A | AA4: 3B | AB4: 3C | AC4: 3D | AD4: 3E | AE4: 3F | AF4: Safe 19 | AG4: Safe 20 | AH4: Safe 21 | AI4: Safe 22 | AJ4: Safe 23 | AK4: Safe 24 | AL4: Safe 25 | AM4: Safe 26 | AN4: Safe 27 | AO4: Safe 28 | AP4: Safe 29 | AQ4: Safe 30 | AR4: {=TRANSPOSE(B6:B35)} -> 1A | AS4: 1B | AT4: 1C | AU4: 1D | AV4: 1E | AW4: 1F | AX4: 2A | AY4: 2B | AZ4: 2C | BA4: 2D | BB4: 2E | BC4: 2F | BD4: 3A | BE4: 3B | BF4: 3C | BG4: 3D | BH4: 3E | BI4: 3F | BJ4: Safe 19 | BK4: Safe 20 | BL4: Safe 21 | BM4: Safe 22 | BN4: Safe 23 | BO4: Safe 24 | BP4: Safe 25 | BQ4: Safe 26 | BR4: Safe 27 | BS4: Safe 28 | BT4: Safe 29 | BU4: Safe 30
B5: Defending Safe Name | C5: Code | D5: J1 | E5: J2 | F5: J3 | G5: J4 | H5: J5 | I5: J6 | J5: Judge 7 | K5: Judge 8 | L5: Judge 9 | M5: Judge 10 | N5: Peer Score | O5: Peer Score | P5: Peer Score | Q5: Peer Score | R5: Peer Score | S5: Peer Score | T5: Peer Score | U5: Peer Score | V5: Peer Score | W5: Peer Score | X5: Peer Score | Y5: Peer Score | Z5: Peer Score | AA5: Peer Score | AB5: Peer Score | AC5: Peer Score | AD5: Peer Score | AE5: Peer Score | AF5: Peer Score | AG5: Peer Score | AH5: Peer Score | AI5: Peer Score | AJ5: Peer Score | AK5: Peer Score | AL5: Peer Score | AM5: Peer Score | AN5: Peer Score | AO5: Peer Score | AP5: Peer Score | AQ5: Peer Score | AR5: Cracked? | AS5: Cracked? | AT5: Cracked? | AU5: Cracked? | AV5: Cracked? | AW5: Cracked? | AX5: Cracked? | AY5: Cracked? | AZ5: Cracked? | BA5: Cracked? | BB5: Cracked? | BC5: Cracked? | BD5: Cracked? | BE5: Cracked? | BF5: Cracked? | BG5: Cracked? | BH5: Cracked? | BI5: Cracked? | BJ5: Cracked? | BK5: Cracked? | BL5: Cracked? | BM5: Cracked? | BN5: Cracked? | BO5: Cracked? | BP5: Cracked? | BQ5: Cracked? | BR5: Cracked? | BS5: Cracked? | BT5: Cracked? | BU5: Cracked? | BV5: Judges Score | BW5: Peer Score | BX5: Cracking Score | BY5: Resistance Score | BZ5: Weighted Sum | CB5: Judges notes
A6: 1 | B6: 1A | C6: 1A | E6: 19 | F6: 11 | I6: 12 | P6: 6 | T6: 6 | U6: 4 | V6: 5 | W6: 5 | Z6: 7 | AA6: 7 | AD6: 6 | AE6: 6 | AT6: 1 | AX6: 0 | AY6: 1 | AZ6: 0 | BA6: 0.5 | BD6: 1 | BE6: 0 | BH6: 1 | BI6: 1 | BV6: =IF((COUNTA(D6:M6)*'Global Values'!$B$2)=0,"",SUM(D6:M6)/(COUNTA(D6:M6)*'Global Values'!$B$2)) -> 0.56 | BW6: {=IF('Global Values'!$B$3*COUNTA(N6:AQ6)=0,"",SUM(N6:AQ6/('Global Values'!$B$3*COUNTA(N6:AQ6))))} -> 0.57777778 | BX6: {=TRANSPOSE(AR38:BU38)} -> 0.61111111 | BY6: =IF(COUNTA(AR6:BU6)=0,"",(1-SUM(AR6:BU6)/COUNTA(AR6:BU6))) -> 0.38888889 | BZ6: =IF((SUM(BV6:BY6))>0,100*((BV6*'Global Values'!$B$5+BW6*'Global Values'!$B$6+Tracker!BX6*'Global Values'!$B$7+Tracker!BY6*'Global Values'!$B$8)),"") -> 55.922222 | CA6: =RANK(BZ6,BZ$6:BZ$26,0) -> 11
A7: 2 | B7: 1B | C7: 1B | D7: 15 | H7: 18 | I7: 17 | R7: 7 | U7: 3 | V7: 6 | W7: 6 | X7: 8 | Z7: 9 | AA7: 9 | AD7: 9 | AE7: 8 | AV7: 0.5 | AY7: 0 | AZ7: 1 | BA7: 0 | BB7: 0 | BD7: 1 | BE7: 0 | BH7: 0.5 | BI7: 0 | BV7: =IF((COUNTA(D7:M7)*'Global Values'!$B$2)=0,"",SUM(D7:M7)/(COUNTA(D7:M7)*'Global Values'!$B$2)) -> 0.66666667 | BW7: {=IF('Global Values'!$B$3*COUNTA(N7:AQ7)=0,"",SUM(N7:AQ7/('Global Values'!$B$3*COUNTA(N7:AQ7))))} -> 0.72222222 | BX7: 0.72222222 | BY7: =IF(COUNTA(AR7:BU7)=0,"",(1-SUM(AR7:BU7)/COUNTA(AR7:BU7))) -> 0.66666667 | BZ7: =IF((SUM(BV7:BY7))>0,100*((BV7*'Global Values'!$B$5+BW7*'Global Values'!$B$6+Tracker!BX7*'Global Values'!$B$7+Tracker!BY7*'Global Values'!$B$8)),"") -> 69.166667 | CA7: =RANK(BZ7,BZ$6:BZ$26,0) -> 6
A8: 3 | B8: 1C | C8: 1C | D8: 17 | E8: 14 | F8: 15 | N8: 6 | V8: 6 | W8: 7 | X8: 7 | Y8: 7 | Z8: 6 | AA8: 6.5 | AB8: 8 | AC8: 6 | AR8: 0.5 | AZ8: 0.5 | BA8: 0 | BB8: 0 | BC8: 1 | BD8: 1 | BE8: 1 | BF8: 0 | BG8: 1 | BV8: =IF((COUNTA(D8:M8)*'Global Values'!$B$2)=0,"",SUM(D8:M8)/(COUNTA(D8:M8)*'Global Values'!$B$2)) -> 0.61333333 | BW8: {=IF('Global Values'!$B$3*COUNTA(N8:AQ8)=0,"",SUM(N8:AQ8/('Global Values'!$B$3*COUNTA(N8:AQ8))))} -> 0.66111111 | BX8: 0.44444444 | BY8: =IF(COUNTA(AR8:BU8)=0,"",(1-SUM(AR8:BU8)/COUNTA(AR8:BU8))) -> 0.44444444 | BZ8: =IF((SUM(BV8:BY8))>0,100*((BV8*'Global Values'!$B$5+BW8*'Global Values'!$B$6+Tracker!BX8*'Global Values'!$B$7+Tracker!BY8*'Global Values'!$B$8)),"") -> 56.377778 | CA8: =RANK(BZ8,BZ$6:BZ$26,0) -> 10
A9: 4 | B9: 1D | C9: 1D | E9: 24 | F9: 18 | G9: 15 | S9: 8 | T9: 7 | W9: 9 | X9: 6 | Y9: 7 | Z9: 6 | AA9: 7 | AB9: 5 | AC9: 7 | AW9: 0.5 | AX9: 0.5 | BA9: 0.5 | BB9: 0 | BC9: 0.5 | BD9: 1 | BE9: 0 | BF9: 0.5 | BG9: 0.5 | BV9: =IF((COUNTA(D9:M9)*'Global Values'!$B$2)=0,"",SUM(D9:M9)/(COUNTA(D9:M9)*'Global Values'!$B$2)) -> 0.76 | BW9: {=IF('Global Values'!$B$3*COUNTA(N9:AQ9)=0,"",SUM(N9:AQ9/('Global Values'!$B$3*COUNTA(N9:AQ9))))} -> 0.68888889 | BX9: 0.88888889 | BY9: =IF(COUNTA(AR9:BU9)=0,"",(1-SUM(AR9:BU9)/COUNTA(AR9:BU9))) -> 0.55555556 | BZ9: =IF((SUM(BV9:BY9))>0,100*((BV9*'Global Values'!$B$5+BW9*'Global Values'!$B$6+Tracker!BX9*'Global Values'!$B$7+Tracker!BY9*'Global Values'!$B$8)),"") -> 75.755556 | CA9: =RANK(BZ9,BZ$6:BZ$26,0) -> 3
A10: 5 | B10: 1E | C10: 1E | G10: 24 | H10: 18 | I10: 19 | O10: 7 | T10: 8 | U10: 7 | X10: 8 | Y10: 8 | AB10: 10 | AC10: 10 | AD10: 10 | AE10: 9 | AS10: 1 | AX10: 1 | AY10: 0 | BB10: 0.5 | BC10: 0 | BF10: 1 | BG10: 0 | BH10: 1 | BI10: 0 | BV10: =IF((COUNTA(D10:M10)*'Global Values'!$B$2)=0,"",SUM(D10:M10)/(COUNTA(D10:M10)*'Global Values'!$B$2)) -> 0.81333333 | BW10: {=IF('Global Values'!$B$3*COUNTA(N10:AQ10)=0,"",SUM(N10:AQ10/('Global Values'!$B$3*COUNTA(N10:AQ10))))} -> 0.85555556 | BX10: 0.83333333 | BY10: =IF(COUNTA(AR10:BU10)=0,"",(1-SUM(AR10:BU10)/COUNTA(AR10:BU10))) -> 0.5 | BZ10: =IF((SUM(BV10:BY10))>0,100*((BV10*'Global Values'!$B$5+BW10*'Global Values'!$B$6+Tracker!BX10*'Global Values'!$B$7+Tracker!BY10*'Global Values'!$B$8)),"") -> 79.544444 | CA10: =RANK(BZ10,BZ$6:BZ$26,0) -> 1 | CD10: 1. Rice to the occasion
A11: 6 | B11: 1F | C11: 1F | D11: 11 | G11: 15 | H11: 16 | Q11: 4 | T11: 7 | U11: 6 | V11: 6 | Y11: 5 | AB11: 6 | AC11: 6 | AD11: 5 | AE11: 7 | AU11: 1 | AX11: 1 | AY11: 1 | AZ11: 0.5 | BC11: 1 | BF11: 0.5 | BG11: 1 | BH11: 1 | BI11: 0 | BV11: =IF((COUNTA(D11:M11)*'Global Values'!$B$2)=0,"",SUM(D11:M11)/(COUNTA(D11:M11)*'Global Values'!$B$2)) -> 0.56 | BW11: {=IF('Global Values'!$B$3*COUNTA(N11:AQ11)=0,"",SUM(N11:AQ11/('Global Values'!$B$3*COUNTA(N11:AQ11))))} -> 0.57777778 | BX11: 0.5 | BY11: =IF(COUNTA(AR11:BU11)=0,"",(1-SUM(AR11:BU11)/COUNTA(AR11:BU11))) -> 0.22222222 | BZ11: =IF((SUM(BV11:BY11))>0,100*((BV11*'Global Values'!$B$5+BW11*'Global Values'!$B$6+Tracker!BX11*'Global Values'!$B$7+Tracker!BY11*'Global Values'!$B$8)),"") -> 51.477778 | CA11: =RANK(BZ11,BZ$6:BZ$26,0) -> 14 | CD11: 2. Cooke's Arcade
A12: 7 | B12: 2A | C12: 2A | E12: 19 | H12: 20 | I12: 24 | N12: 6 | O12: 6 | P12: 6 | Q12: 6 | W12: 7 | Z12: 5 | AA12: 8 | AB12: 7 | AC12: 7 | AR12: 1 | AS12: 1 | AT12: 1 | AU12: 1 | BA12: 0.5 | BD12: 0.5 | BE12: 1 | BF12: 1 | BG12: 1 | BV12: =IF((COUNTA(D12:M12)*'Global Values'!$B$2)=0,"",SUM(D12:M12)/(COUNTA(D12:M12)*'Global Values'!$B$2)) -> 0.84 | BW12: {=IF('Global Values'!$B$3*COUNTA(N12:AQ12)=0,"",SUM(N12:AQ12/('Global Values'!$B$3*COUNTA(N12:AQ12))))} -> 0.64444444 | BX12: 0.5 | BY12: =IF(COUNTA(AR12:BU12)=0,"",(1-SUM(AR12:BU12)/COUNTA(AR12:BU12))) -> 0.11111111 | BZ12: =IF((SUM(BV12:BY12))>0,100*((BV12*'Global Values'!$B$5+BW12*'Global Values'!$B$6+Tracker!BX12*'Global Values'!$B$7+Tracker!BY12*'Global Values'!$B$8)),"") -> 64.3 | CA12: =RANK(BZ12,BZ$6:BZ$26,0) -> 7 | CD12: 3. Dead or Alive
A13: 8 | B13: 2B | C13: 2B | D13: 13 | F13: 19 | G13: 19 | N13: 4 | O13: 6 | P13: 9 | Q13: 9 | Y13: 7 | AA13: 7.5 | AB13: 8 | AC13: 8 | AD13: 8 | AR13: 0 | AS13: 0.5 | AT13: 0 | AU13: 0.5 | BC13: 0 | BE13: 0 | BF13: 1 | BG13: 0 | BH13: 0.5 | BV13: =IF((COUNTA(D13:M13)*'Global Values'!$B$2)=0,"",SUM(D13:M13)/(COUNTA(D13:M13)*'Global Values'!$B$2)) -> 0.68 | BW13: {=IF('Global Values'!$B$3*COUNTA(N13:AQ13)=0,"",SUM(N13:AQ13/('Global Values'!$B$3*COUNTA(N13:AQ13))))} -> 0.73888889 | BX13: 0.66666667 | BY13: =IF(COUNTA(AR13:BU13)=0,"",(1-SUM(AR13:BU13)/COUNTA(AR13:BU13))) -> 0.72222222 | BZ13: =IF((SUM(BV13:BY13))>0,100*((BV13*'Global Values'!$B$5+BW13*'Global Values'!$B$6+Tracker!BX13*'Global Values'!$B$7+Tracker!BY13*'Global Values'!$B$8)),"") -> 69.266667 | CA13: =RANK(BZ13,BZ$6:BZ$26,0) -> 5
A14: 9 | B14: 2C | C14: 2C | D14: 5 | E14: 9 | I14: 10 | P14: 6 | Q14: 8 | R14: 7 | S14: 7 | X14: 7 | AB14: 5 | AC14: 5 | AD14: 9 | AE14: 8 | AT14: 1 | AU14: 1 | AV14: 1 | AW14: 1 | BB14: 0.5 | BF14: 1 | BG14: 0.5 | BH14: 1 | BI14: 1 | BV14: =IF((COUNTA(D14:M14)*'Global Values'!$B$2)=0,"",SUM(D14:M14)/(COUNTA(D14:M14)*'Global Values'!$B$2)) -> 0.32 | BW14: {=IF('Global Values'!$B$3*COUNTA(N14:AQ14)=0,"",SUM(N14:AQ14/('Global Values'!$B$3*COUNTA(N14:AQ14))))} -> 0.68888889 | BX14: 0.38888889 | BY14: =IF(COUNTA(AR14:BU14)=0,"",(1-SUM(AR14:BU14)/COUNTA(AR14:BU14))) -> 0.11111111 | BZ14: =IF((SUM(BV14:BY14))>0,100*((BV14*'Global Values'!$B$5+BW14*'Global Values'!$B$6+Tracker!BX14*'Global Values'!$B$7+Tracker!BY14*'Global Values'!$B$8)),"") -> 39.011111 | CA14: =RANK(BZ14,BZ$6:BZ$26,0) -> 17 | CD14: Judge's Choice: FZN
A15: 10 | B15: 2D | C15: 2D | F15: 14 | H15: 11 | I15: 13 | P15: 6 | Q15: 7 | R15: 8 | S15: 6 | T15: 5 | Z15: 6 | AC15: 6 | AD15: 6 | AE15: 7 | AT15: 1 | AU15: 1 | AV15: 1 | AW15: 0.5 | AX15: 0 | BD15: 0.5 | BG15: 1 | BH15: 0 | BI15: 0 | BV15: =IF((COUNTA(D15:M15)*'Global Values'!$B$2)=0,"",SUM(D15:M15)/(COUNTA(D15:M15)*'Global Values'!$B$2)) -> 0.50666667 | BW15: {=IF('Global Values'!$B$3*COUNTA(N15:AQ15)=0,"",SUM(N15:AQ15/('Global Values'!$B$3*COUNTA(N15:AQ15))))} -> 0.63333333 | BX15: 0.33333333 | BY15: =IF(COUNTA(AR15:BU15)=0,"",(1-SUM(AR15:BU15)/COUNTA(AR15:BU15))) -> 0.44444444 | BZ15: =IF((SUM(BV15:BY15))>0,100*((BV15*'Global Values'!$B$5+BW15*'Global Values'!$B$6+Tracker!BX15*'Global Values'!$B$7+Tracker!BY15*'Global Values'!$B$8)),"") -> 48.244444 | CA15: =RANK(BZ15,BZ$6:BZ$26,0) -> 16
A16: 11 | B16: 2E | C16: 2E | D16: 21 | E16: 12 | G16: 14 | N16: 5 | O16: 6 | R16: 8 | S16: 4 | V16: 8 | Z16: 9 | AA16: 4 | AD16: 4 | AE16: 6 | AR16: 1 | AS16: 1 | AV16: 0.5 | AW16: 0 | AZ16: 0 | BD16: 0 | BE16: 0 | BH16: 0 | BI16: 0 | BV16: =IF((COUNTA(D16:M16)*'Global Values'!$B$2)=0,"",SUM(D16:M16)/(COUNTA(D16:M16)*'Global Values'!$B$2)) -> 0.62666667 | BW16: {=IF('Global Values'!$B$3*COUNTA(N16:AQ16)=0,"",SUM(N16:AQ16/('Global Values'!$B$3*COUNTA(N16:AQ16))))} -> 0.6 | BX16: 0.33333333 | BY16: =IF(COUNTA(AR16:BU16)=0,"",(1-SUM(AR16:BU16)/COUNTA(AR16:BU16))) -> 0.72222222 | BZ16: =IF((SUM(BV16:BY16))>0,100*((BV16*'Global Values'!$B$5+BW16*'Global Values'!$B$6+Tracker!BX16*'Global Values'!$B$7+Tracker!BY16*'Global Values'!$B$8)),"") -> 55.755556 | CA16: =RANK(BZ16,BZ$6:BZ$26,0) -> 12
A17: 12 | B17: 2F | C17: 2F | F17: 17 | G17: 17 | H17: 16 | N17: 5 | O17: 5 | R17: 6 | S17: 6 | U17: 7 | Z17: 6 | AA17: 7.5 | AB17: 6 | AE17: 6 | AR17: 1 | AS17: 1 | AV17: 1 | AW17: 1 | AY17: 1 | BD17: 0.5 | BE17: 1 | BF17: 1 | BI17: 0 | BV17: =IF((COUNTA(D17:M17)*'Global Values'!$B$2)=0,"",SUM(D17:M17)/(COUNTA(D17:M17)*'Global Values'!$B$2)) -> 0.66666667 | BW17: {=IF('Global Values'!$B$3*COUNTA(N17:AQ17)=0,"",SUM(N17:AQ17/('Global Values'!$B$3*COUNTA(N17:AQ17))))} -> 0.60555556 | BX17: 0.27777778 | BY17: =IF(COUNTA(AR17:BU17)=0,"",(1-SUM(AR17:BU17)/COUNTA(AR17:BU17))) -> 0.16666667 | BZ17: =IF((SUM(BV17:BY17))>0,100*((BV17*'Global Values'!$B$5+BW17*'Global Values'!$B$6+Tracker!BX17*'Global Values'!$B$7+Tracker!BY17*'Global Values'!$B$8)),"") -> 50.722222 | CA17: =RANK(BZ17,BZ$6:BZ$26,0) -> 15
A18: 13 | B18: 3A | C18: 3A | D18: 21 | G18: 22 | I18: 20 | N18: 7 | O18: 7 | P18: 8 | Q18: 8 | T18: 8 | W18: 7 | X18: 8 | Y18: 8 | AD18: 7 | AR18: 0 | AS18: 0 | AT18: 0 | AU18: 1 | AX18: 0 | BA18: 0.5 | BB18: 0.5 | BC18: 0 | BH18: 0.5 | BV18: =IF((COUNTA(D18:M18)*'Global Values'!$B$2)=0,"",SUM(D18:M18)/(COUNTA(D18:M18)*'Global Values'!$B$2)) -> 0.84 | BW18: {=IF('Global Values'!$B$3*COUNTA(N18:AQ18)=0,"",SUM(N18:AQ18/('Global Values'!$B$3*COUNTA(N18:AQ18))))} -> 0.75555556 | BX18: 0.72222222 | BY18: =IF(COUNTA(AR18:BU18)=0,"",(1-SUM(AR18:BU18)/COUNTA(AR18:BU18))) -> 0.72222222 | BZ18: =IF((SUM(BV18:BY18))>0,100*((BV18*'Global Values'!$B$5+BW18*'Global Values'!$B$6+Tracker!BX18*'Global Values'!$B$7+Tracker!BY18*'Global Values'!$B$8)),"") -> 78.188889 | CA18: =RANK(BZ18,BZ$6:BZ$26,0) -> 2
A19: 14 | B19: 3B | C19: 3B | E19: 5 | F19: 11 | H19: 11 | N19: 3 | O19: 2 | P19: 6 | Q19: 6 | T19: 3 | U19: 6 | X19: 6 | Y19: 4 | AE19: 6 | AR19: 0.5 | AS19: 0.5 | AT19: 0 | AU19: 1 | AX19: 0.5 | AY19: 1 | BB19: 1 | BC19: 0 | BI19: 0 | BV19: =IF((COUNTA(D19:M19)*'Global Values'!$B$2)=0,"",SUM(D19:M19)/(COUNTA(D19:M19)*'Global Values'!$B$2)) -> 0.36 | BW19: {=IF('Global Values'!$B$3*COUNTA(N19:AQ19)=0,"",SUM(N19:AQ19/('Global Values'!$B$3*COUNTA(N19:AQ19))))} -> 0.46666667 | BX19: 0.33333333 | BY19: =IF(COUNTA(AR19:BU19)=0,"",(1-SUM(AR19:BU19)/COUNTA(AR19:BU19))) -> 0.5 | BZ19: =IF((SUM(BV19:BY19))>0,100*((BV19*'Global Values'!$B$5+BW19*'Global Values'!$B$6+Tracker!BX19*'Global Values'!$B$7+Tracker!BY19*'Global Values'!$B$8)),"") -> 38.866667 | CA19: =RANK(BZ19,BZ$6:BZ$26,0) -> 18
A20: 15 | B20: 3C | C20: 3C | G20: 17 | H20: 16 | I20: 12 | P20: 6 | Q20: 5 | R20: 6 | S20: 9 | T20: 6 | U20: 7 | V20: 6 | Y20: 4 | AC20: 6 | AT20: 0 | AU20: 1 | AV20: 1 | AW20: 1 | AX20: 1 | AY20: 0 | AZ20: 0 | BC20: 0 | BG20: 0 | BV20: =IF((COUNTA(D20:M20)*'Global Values'!$B$2)=0,"",SUM(D20:M20)/(COUNTA(D20:M20)*'Global Values'!$B$2)) -> 0.6 | BW20: {=IF('Global Values'!$B$3*COUNTA(N20:AQ20)=0,"",SUM(N20:AQ20/('Global Values'!$B$3*COUNTA(N20:AQ20))))} -> 0.61111111 | BX20: 0.77777778 | BY20: =IF(COUNTA(AR20:BU20)=0,"",(1-SUM(AR20:BU20)/COUNTA(AR20:BU20))) -> 0.55555556 | BZ20: =IF((SUM(BV20:BY20))>0,100*((BV20*'Global Values'!$B$5+BW20*'Global Values'!$B$6+Tracker!BX20*'Global Values'!$B$7+Tracker!BY20*'Global Values'!$B$8)),"") -> 64.222222 | CA20: =RANK(BZ20,BZ$6:BZ$26,0) -> 8
A21: 16 | B21: 3D | C21: 3D | D21: 10 | E21: 16 | I21: 17 | P21: 5 | Q21: 4 | R21: 5 | S21: 3 | T21: 5 | U21: 3 | V21: 6 | W21: 7 | AB21: 6 | AT21: 0 | AU21: 0.5 | AV21: 1 | AW21: 0.5 | AX21: 0.5 | AY21: 1 | AZ21: 1 | BA21: 0 | BF21: 1 | BV21: =IF((COUNTA(D21:M21)*'Global Values'!$B$2)=0,"",SUM(D21:M21)/(COUNTA(D21:M21)*'Global Values'!$B$2)) -> 0.57333333 | BW21: {=IF('Global Values'!$B$3*COUNTA(N21:AQ21)=0,"",SUM(N21:AQ21/('Global Values'!$B$3*COUNTA(N21:AQ21))))} -> 0.48888889 | BX21: 0.55555556 | BY21: =IF(COUNTA(AR21:BU21)=0,"",(1-SUM(AR21:BU21)/COUNTA(AR21:BU21))) -> 0.38888889 | BZ21: =IF((SUM(BV21:BY21))>0,100*((BV21*'Global Values'!$B$5+BW21*'Global Values'!$B$6+Tracker!BX21*'Global Values'!$B$7+Tracker!BY21*'Global Values'!$B$8)),"") -> 53.355556 | CA21: =RANK(BZ21,BZ$6:BZ$26,0) -> 13
A22: 17 | B22: 3E | C22: 3E | D22: 17 | E22: 16 | F22: 16 | N22: 4 | O22: 5 | R22: 7 | S22: 5 | U22: 8 | V22: 9 | W22: 8 | X22: 7 | Z22: 6 | AR22: 1 | AS22: 1 | AV22: 1 | AW22: 0 | AY22: 1 | AZ22: 0.5 | BA22: 1 | BB22: 0.5 | BD22: 1 | BV22: =IF((COUNTA(D22:M22)*'Global Values'!$B$2)=0,"",SUM(D22:M22)/(COUNTA(D22:M22)*'Global Values'!$B$2)) -> 0.65333333 | BW22: {=IF('Global Values'!$B$3*COUNTA(N22:AQ22)=0,"",SUM(N22:AQ22/('Global Values'!$B$3*COUNTA(N22:AQ22))))} -> 0.65555556 | BX22: 0.61111111 | BY22: =IF(COUNTA(AR22:BU22)=0,"",(1-SUM(AR22:BU22)/COUNTA(AR22:BU22))) -> 0.22222222 | BZ22: =IF((SUM(BV22:BY22))>0,100*((BV22*'Global Values'!$B$5+BW22*'Global Values'!$B$6+Tracker!BX22*'Global Values'!$B$7+Tracker!BY22*'Global Values'!$B$8)),"") -> 60.011111 | CA22: =RANK(BZ22,BZ$6:BZ$26,0) -> 9
A23: 18 | B23: 3F | C23: 3F | F23: 24 | G23: 25 | H23: 21 | N23: 10 | O23: 8 | R23: 10 | S23: 9 | V23: 7 | W23: 10 | X23: 10 | Y23: 5 | AA23: 9.5 | AR23: 0.5 | AS23: 0.5 | AV23: 0.5 | AW23: 0 | AZ23: 0 | BA23: 0 | BB23: 0 | BC23: 0 | BE23: 0 | BV23: =IF((COUNTA(D23:M23)*'Global Values'!$B$2)=0,"",SUM(D23:M23)/(COUNTA(D23:M23)*'Global Values'!$B$2)) -> 0.93333333 | BW23: {=IF('Global Values'!$B$3*COUNTA(N23:AQ23)=0,"",SUM(N23:AQ23/('Global Values'!$B$3*COUNTA(N23:AQ23))))} -> 0.87222222 | BX23: 0.22222222 | BY23: =IF(COUNTA(AR23:BU23)=0,"",(1-SUM(AR23:BU23)/COUNTA(AR23:BU23))) -> 0.83333333 | BZ23: =IF((SUM(BV23:BY23))>0,100*((BV23*'Global Values'!$B$5+BW23*'Global Values'!$B$6+Tracker!BX23*'Global Values'!$B$7+Tracker!BY23*'Global Values'!$B$8)),"") -> 73.333333 | CA23: =RANK(BZ23,BZ$6:BZ$26,0) -> 4
A24: 19 | B24: Safe 19 | BV24: =IF((COUNTA(D24:M24)*'Global Values'!$B$2)=0,"",SUM(D24:M24)/(COUNTA(D24:M24)*'Global Values'!$B$2)) | BW24: {=IF('Global Values'!$B$3*COUNTA(N24:AQ24)=0,"",SUM(N24:AQ24/('Global Values'!$B$3*COUNTA(N24:AQ24))))} | BY24: =IF(COUNTA(AR24:BU24)=0,"",(1-SUM(AR24:BU24)/COUNTA(AR24:BU24))) | BZ24: =IF((SUM(BV24:BY24))>0,100*((BV24*'Global Values'!$B$5+BW24*'Global Values'!$B$6+Tracker!BX24*'Global Values'!$B$7+Tracker!BY24*'Global Values'!$B$8)),"") | CA24: =RANK(BZ24,BZ$6:BZ$26,0) -> #VALUE!
A25: 20 | B25: Safe 20 | BV25: =IF((COUNTA(D25:M25)*'Global Values'!$B$2)=0,"",SUM(D25:M25)/(COUNTA(D25:M25)*'Global Values'!$B$2)) | BW25: {=IF('Global Values'!$B$3*COUNTA(N25:AQ25)=0,"",SUM(N25:AQ25/('Global Values'!$B$3*COUNTA(N25:AQ25))))} | BY25: =IF(COUNTA(AR25:BU25)=0,"",(1-SUM(AR25:BU25)/COUNTA(AR25:BU25))) | BZ25: =IF((SUM(BV25:BY25))>0,100*((BV25*'Global Values'!$B$5+BW25*'Global Values'!$B$6+Tracker!BX25*'Global Values'!$B$7+Tracker!BY25*'Global Values'!$B$8)),"") | CA25: =RANK(BZ25,BZ$6:BZ$26,0) -> #VALUE!
A26: 21 | B26: Safe 21 | BV26: =IF((COUNTA(D26:M26)*'Global Values'!$B$2)=0,"",SUM(D26:M26)/(COUNTA(D26:M26)*'Global Values'!$B$2)) | BW26: {=IF('Global Values'!$B$3*COUNTA(N26:AQ26)=0,"",SUM(N26:AQ26/('Global Values'!$B$3*COUNTA(N26:AQ26))))} | BY26: =IF(COUNTA(AR26:BU26)=0,"",(1-SUM(AR26:BU26)/COUNTA(AR26:BU26))) | BZ26: =IF((SUM(BV26:BY26))>0,100*((BV26*'Global Values'!$B$5+BW26*'Global Values'!$B$6+Tracker!BX26*'Global Values'!$B$7+Tracker!BY26*'Global Values'!$B$8)),"") | CA26: =RANK(BZ26,BZ$6:BZ$26,0) -> #VALUE!
A27: 22 | B27: Safe 22 | BV27: =IF((COUNTA(D27:M27)*'Global Values'!$B$2)=0,"",SUM(D27:M27)/(COUNTA(D27:M27)*'Global Values'!$B$2)) | BW27: {=IF('Global Values'!$B$3*COUNTA(N27:AQ27)=0,"",SUM(N27:AQ27/('Global Values'!$B$3*COUNTA(N27:AQ27))))} | BY27: =IF(COUNTA(AR27:BU27)=0,"",(1-SUM(AR27:BU27)/COUNTA(AR27:BU27))) | BZ27: =IF((SUM(BV27:BY27))>0,100*((BV27*'Global Values'!$B$5+BW27*'Global Values'!$B$6+Tracker!BX27*'Global Values'!$B$7+Tracker!BY27*'Global Values'!$B$8)),"")
A28: 23 | B28: Safe 23 | AK28: 10 | AL28: 10 | BO28: 0 | BP28: 0 | BV28: =IF((COUNTA(D28:M28)*'Global Values'!$B$2)=0,"",SUM(D28:M28)/(COUNTA(D28:M28)*'Global Values'!$B$2)) | BW28: {=IF('Global Values'!$B$3*COUNTA(N28:AQ28)=0,"",SUM(N28:AQ28/('Global Values'!$B$3*COUNTA(N28:AQ28))))} -> 1 | BX28: 1 | BY28: =IF(COUNTA(AR28:BU28)=0,"",(1-SUM(AR28:BU28)/COUNTA(AR28:BU28))) -> 1 | BZ28: =IF((SUM(BV28:BY28))>0,100*((BV28*'Global Values'!$B$5+BW28*'Global Values'!$B$6+Tracker!BX28*'Global Values'!$B$7+Tracker!BY28*'Global Values'!$B$8)),"") -> #VALUE!
A29: 24 | B29: Safe 24 | AJ29: 5 | AL29: 5 | BN29: 1 | BP29: 0 | BV29: =IF((COUNTA(D29:M29)*'Global Values'!$B$2)=0,"",SUM(D29:M29)/(COUNTA(D29:M29)*'Global Values'!$B$2)) | BW29: {=IF('Global Values'!$B$3*COUNTA(N29:AQ29)=0,"",SUM(N29:AQ29/('Global Values'!$B$3*COUNTA(N29:AQ29))))} -> 0.5 | BX29: 0.5 | BY29: =IF(COUNTA(AR29:BU29)=0,"",(1-SUM(AR29:BU29)/COUNTA(AR29:BU29))) -> 0.5 | BZ29: =IF((SUM(BV29:BY29))>0,100*((BV29*'Global Values'!$B$5+BW29*'Global Values'!$B$6+Tracker!BX29*'Global Values'!$B$7+Tracker!BY29*'Global Values'!$B$8)),"") -> #VALUE!
A30: 25 | B30: Safe 25 | AJ30: 1 | AK30: 0.5 | BN30: 1 | BO30: 1 | BV30: =IF((COUNTA(D30:M30)*'Global Values'!$B$2)=0,"",SUM(D30:M30)/(COUNTA(D30:M30)*'Global Values'!$B$2)) | BW30: {=IF('Global Values'!$B$3*COUNTA(N30:AQ30)=0,"",SUM(N30:AQ30/('Global Values'!$B$3*COUNTA(N30:AQ30))))} -> 0.075 | BX30: 0 | BY30: =IF(COUNTA(AR30:BU30)=0,"",(1-SUM(AR30:BU30)/COUNTA(AR30:BU30))) -> 0 | BZ30: =IF((SUM(BV30:BY30))>0,100*((BV30*'Global Values'!$B$5+BW30*'Global Values'!$B$6+Tracker!BX30*'Global Values'!$B$7+Tracker!BY30*'Global Values'!$B$8)),"") -> #VALUE!
A31: 26 | B31: Safe 26 | BV31: =IF((COUNTA(D31:M31)*'Global Values'!$B$2)=0,"",SUM(D31:M31)/(COUNTA(D31:M31)*'Global Values'!$B$2)) | BW31: {=IF('Global Values'!$B$3*COUNTA(N31:AQ31)=0,"",SUM(N31:AQ31/('Global Values'!$B$3*COUNTA(N31:AQ31))))} | BY31: =IF(COUNTA(AR31:BU31)=0,"",(1-SUM(AR31:BU31)/COUNTA(AR31:BU31))) | BZ31: =IF((SUM(BV31:BY31))>0,100*((BV31*'Global Values'!$B$5+BW31*'Global Values'!$B$6+Tracker!BX31*'Global Values'!$B$7+Tracker!BY31*'Global Values'!$B$8)),"")
A32: 27 | B32: Safe 27 | BV32: =IF((COUNTA(D32:M32)*'Global Values'!$B$2)=0,"",SUM(D32:M32)/(COUNTA(D32:M32)*'Global Values'!$B$2)) | BW32: {=IF('Global Values'!$B$3*COUNTA(N32:AQ32)=0,"",SUM(N32:AQ32/('Global Values'!$B$3*COUNTA(N32:AQ32))))} | BY32: =IF(COUNTA(AR32:BU32)=0,"",(1-SUM(AR32:BU32)/COUNTA(AR32:BU32))) | BZ32: =IF((SUM(BV32:BY32))>0,100*((BV32*'Global Values'!$B$5+BW32*'Global Values'!$B$6+Tracker!BX32*'Global Values'!$B$7+Tracker!BY32*'Global Values'!$B$8)),"")
A33: 28 | B33: Safe 28 | BV33: =IF((COUNTA(D33:M33)*'Global Values'!$B$2)=0,"",SUM(D33:M33)/(COUNTA(D33:M33)*'Global Values'!$B$2)) | BW33: {=IF('Global Values'!$B$3*COUNTA(N33:AQ33)=0,"",SUM(N33:AQ33/('Global Values'!$B$3*COUNTA(N33:AQ33))))} | BY33: =IF(COUNTA(AR33:BU33)=0,"",(1-SUM(AR33:BU33)/COUNTA(AR33:BU33))) | BZ33: =IF((SUM(BV33:BY33))>0,100*((BV33*'Global Values'!$B$5+BW33*'Global Values'!$B$6+Tracker!BX33*'Global Values'!$B$7+Tracker!BY33*'Global Values'!$B$8)),"")
A34: 29 | B34: Safe 29 | BV34: =IF((COUNTA(D34:M34)*'Global Values'!$B$2)=0,"",SUM(D34:M34)/(COUNTA(D34:M34)*'Global Values'!$B$2)) | BW34: {=IF('Global Values'!$B$3*COUNTA(N34:AQ34)=0,"",SUM(N34:AQ34/('Global Values'!$B$3*COUNTA(N34:AQ34))))} | BY34: =IF(COUNTA(AR34:BU34)=0,"",(1-SUM(AR34:BU34)/COUNTA(AR34:BU34))) | BZ34: =IF((SUM(BV34:BY34))>0,100*((BV34*'Global Values'!$B$5+BW34*'Global Values'!$B$6+Tracker!BX34*'Global Values'!$B$7+Tracker!BY34*'Global Values'!$B$8)),"")
A35: 30 | B35: Safe 30 | BV35: =IF((COUNTA(D35:M35)*'Global Values'!$B$2)=0,"",SUM(D35:M35)/(COUNTA(D35:M35)*'Global Values'!$B$2)) | BW35: {=IF('Global Values'!$B$3*COUNTA(N35:AQ35)=0,"",SUM(N35:AQ35/('Global Values'!$B$3*COUNTA(N35:AQ35))))} | BY35: =IF(COUNTA(AR35:BU35)=0,"",(1-SUM(AR35:BU35)/COUNTA(AR35:BU35))) | BZ35: =IF((SUM(BV35:BY35))>0,100*((BV35*'Global Values'!$B$5+BW35*'Global Values'!$B$6+Tracker!BX35*'Global Values'!$B$7+Tracker!BY35*'Global Values'!$B$8)),"")
AR36: =COUNTA(AR6:AR35) -> 9 | AS36: =COUNTA(AS6:AS35) -> 9 | AT36: =COUNTA(AT6:AT35) -> 9 | AU36: =COUNTA(AU6:AU35) -> 9 | AV36: =COUNTA(AV6:AV35) -> 9 | AW36: =COUNTA(AW6:AW35) -> 9 | AX36: =COUNTA(AX6:AX35) -> 9 | AY36: =COUNTA(AY6:AY35) -> 9 | ... BU36: =COUNTA(BU6:BU35) -> 0
D37: =AVERAGE(D6:D35) -> 14.444444 | E37: =AVERAGE(E6:E35) -> 14.888889 | F37: =AVERAGE(F6:F35) -> 16.111111 | G37: =AVERAGE(G6:G35) -> 18.666667 | H37: =AVERAGE(H6:H35) -> 16.333333 | I37: =AVERAGE(I6:I35) -> 16 | AR37: =SUM(AR6:AR35) -> 5.5 | AS37: =SUM(AS6:AS35) -> 6.5 | AT37: =SUM(AT6:AT35) -> 4 | AU37: =SUM(AU6:AU35) -> 8 | AV37: =SUM(AV6:AV35) -> 7.5 | AW37: =SUM(AW6:AW35) -> 4.5 | AX37: =SUM(AX6:AX35) -> 4.5 | AY37: =SUM(AY6:AY35) -> 6 | ... BU37: =SUM(BU6:BU35) -> 0
AR38: =IF(AR36=0,"",AR37/AR36) -> 0.61111111 | AS38: =IF(AS36=0,"",AS37/AS36) -> 0.72222222 | AT38: =IF(AT36=0,"",AT37/AT36) -> 0.44444444 | AU38: =IF(AU36=0,"",AU37/AU36) -> 0.88888889 | AV38: =IF(AV36=0,"",AV37/AV36) -> 0.83333333 | AW38: =IF(AW36=0,"",AW37/AW36) -> 0.5 | AX38: =IF(AX36=0,"",AX37/AX36) -> 0.5 | AY38: =IF(AY36=0,"",AY37/AY36) -> 0.66666667 | ... BU38: =IF(BU36=0,"",BU37/BU36)

Sheet Global Values
A2: Max Judge Score | B2: 25
A3: Max Peer Score | B3: 10
A5: Judge Weighting | B5: 0.45
A6: Peer Weighting | B6: 0.2
A7: Cracking Weighting | B7: 0.25
A8: Resistance Weighting | B8: 0.1
